categoria,archivo_destino,marca,linea,motivo,prompt
portatiles,"lineas-nuevas/portatiles/lenovo-ideapad.png","Lenovo","IdeaPad","PORTÁTIL (regen)","Professional product photography of a Lenovo IdeaPad laptop opened to about 110 degrees, three-quarter front-left view, slim modern chassis, screen showing a clean abstract blue desktop wallpaper, single product centered, filling ~85% of the frame, pure white seamless studio background (#FFFFFF), soft even diffused studio lighting, subtle soft contact shadow, ultra-sharp focus, high detail, photorealistic 4k commercial product photography, no added text or watermark overlay, no people, no extra props"
portatiles,"lineas-nuevas/portatiles/lenovo-thinkpad.png","Lenovo","ThinkPad","PORTÁTIL (regen)","Professional product photography of a Lenovo ThinkPad laptop opened to about 110 degrees, three-quarter front-left view, slim modern chassis, screen showing a clean abstract blue desktop wallpaper, single product centered, filling ~85% of the frame, pure white seamless studio background (#FFFFFF), soft even diffused studio lighting, subtle soft contact shadow, ultra-sharp focus, high detail, photorealistic 4k commercial product photography, no added text or watermark overlay, no people, no extra props"
portatiles,"lineas-nuevas/portatiles/lenovo-legion.png","Lenovo","Legion","PORTÁTIL (regen)","Professional product photography of a Lenovo Legion laptop opened to about 110 degrees, three-quarter front-left view, slim modern chassis, screen showing a clean abstract blue desktop wallpaper, gaming aesthetic with subtle RGB lighting accents, single product centered, filling ~85% of the frame, pure white seamless studio background (#FFFFFF), soft even diffused studio lighting, subtle soft contact shadow, ultra-sharp focus, high detail, photorealistic 4k commercial product photography, no added text or watermark overlay, no people, no extra props"
portatiles,"lineas-nuevas/portatiles/lenovo-yoga.png","Lenovo","Yoga","PORTÁTIL (regen)","Professional product photography of a Lenovo Yoga laptop opened to about 110 degrees, three-quarter front-left view, slim modern chassis, screen showing a clean abstract blue desktop wallpaper, single product centered, filling ~85% of the frame, pure white seamless studio background (#FFFFFF), soft even diffused studio lighting, subtle soft contact shadow, ultra-sharp focus, high detail, photorealistic 4k commercial product photography, no added text or watermark overlay, no people, no extra props"
portatiles,"lineas-nuevas/portatiles/lenovo-loq.png","Lenovo","LOQ","PORTÁTIL (regen)","Professional product photography of a Lenovo LOQ laptop opened to about 110 degrees, three-quarter front-left view, slim modern chassis, screen showing a clean abstract blue desktop wallpaper, single product centered, filling ~85% of the frame, pure white seamless studio background (#FFFFFF), soft even diffused studio lighting, subtle soft contact shadow, ultra-sharp focus, high detail, photorealistic 4k commercial product photography, no added text or watermark overlay, no people, no extra props"
portatiles,"lineas-nuevas/portatiles/asus-vivobook.png","ASUS","VivoBook","PORTÁTIL (regen)","Professional product photography of a ASUS VivoBook laptop opened to about 110 degrees, three-quarter front-left view, slim modern chassis, screen showing a clean abstract blue desktop wallpaper, single product centered, filling ~85% of the frame, pure white seamless studio background (#FFFFFF), soft even diffused studio lighting, subtle soft contact shadow, ultra-sharp focus, high detail, photorealistic 4k commercial product photography, no added text or watermark overlay, no people, no extra props"
portatiles,"lineas-nuevas/portatiles/asus-zenbook.png","ASUS","ZenBook","PORTÁTIL (regen)","Professional product photography of a ASUS ZenBook laptop opened to about 110 degrees, three-quarter front-left view, slim modern chassis, screen showing a clean abstract blue desktop wallpaper, single product centered, filling ~85% of the frame, pure white seamless studio background (#FFFFFF), soft even diffused studio lighting, subtle soft contact shadow, ultra-sharp focus, high detail, photorealistic 4k commercial product photography, no added text or watermark overlay, no people, no extra props"
portatiles,"lineas-nuevas/portatiles/asus-tuf-gaming.png","ASUS","TUF Gaming","PORTÁTIL (regen)","Professional product photography of a ASUS TUF Gaming laptop opened to about 110 degrees, three-quarter front-left view, slim modern chassis, screen showing a clean abstract blue desktop wallpaper, gaming aesthetic with subtle RGB lighting accents, single product centered, filling ~85% of the frame, pure white seamless studio background (#FFFFFF), soft even diffused studio lighting, subtle soft contact shadow, ultra-sharp focus, high detail, photorealistic 4k commercial product photography, no added text or watermark overlay, no people, no extra props"
portatiles,"lineas-nuevas/portatiles/asus-rog-strix.png","ASUS","ROG Strix","PORTÁTIL (regen)","Professional product photography of a ASUS ROG Strix laptop opened to about 110 degrees, three-quarter front-left view, slim modern chassis, screen showing a clean abstract blue desktop wallpaper, gaming aesthetic with subtle RGB lighting accents, single product centered, filling ~85% of the frame, pure white seamless studio background (#FFFFFF), soft even diffused studio lighting, subtle soft contact shadow, ultra-sharp focus, high detail, photorealistic 4k commercial product photography, no added text or watermark overlay, no people, no extra props"
portatiles,"lineas-nuevas/portatiles/asus-expertbook.png","ASUS","ExpertBook","PORTÁTIL (regen)","Professional product photography of a ASUS ExpertBook laptop opened to about 110 degrees, three-quarter front-left view, slim modern chassis, screen showing a clean abstract blue desktop wallpaper, single product centered, filling ~85% of the frame, pure white seamless studio background (#FFFFFF), soft even diffused studio lighting, subtle soft contact shadow, ultra-sharp focus, high detail, photorealistic 4k commercial product photography, no added text or watermark overlay, no people, no extra props"
portatiles,"lineas-nuevas/portatiles/hp-essential.png","HP","Essential","PORTÁTIL (regen)","Professional product photography of a HP Essential laptop opened to about 110 degrees, three-quarter front-left view, slim modern chassis, screen showing a clean abstract blue desktop wallpaper, single product centered, filling ~85% of the frame, pure white seamless studio background (#FFFFFF), soft even diffused studio lighting, subtle soft contact shadow, ultra-sharp focus, high detail, photorealistic 4k commercial product photography, no added text or watermark overlay, no people, no extra props"
portatiles,"lineas-nuevas/portatiles/hp-pavilion.png","HP","Pavilion","PORTÁTIL (regen)","Professional product photography of a HP Pavilion laptop opened to about 110 degrees, three-quarter front-left view, slim modern chassis, screen showing a clean abstract blue desktop wallpaper, single product centered, filling ~85% of the frame, pure white seamless studio background (#FFFFFF), soft even diffused studio lighting, subtle soft contact shadow, ultra-sharp focus, high detail, photorealistic 4k commercial product photography, no added text or watermark overlay, no people, no extra props"
portatiles,"lineas-nuevas/portatiles/hp-victus.png","HP","Victus","PORTÁTIL (regen)","Professional product photography of a HP Victus laptop opened to about 110 degrees, three-quarter front-left view, slim modern chassis, screen showing a clean abstract blue desktop wallpaper, gaming aesthetic with subtle RGB lighting accents, single product centered, filling ~85% of the frame, pure white seamless studio background (#FFFFFF), soft even diffused studio lighting, subtle soft contact shadow, ultra-sharp focus, high detail, photorealistic 4k commercial product photography, no added text or watermark overlay, no people, no extra props"
portatiles,"lineas-nuevas/portatiles/hp-omen.png","HP","OMEN","PORTÁTIL (regen)","Professional product photography of a HP OMEN laptop opened to about 110 degrees, three-quarter front-left view, slim modern chassis, screen showing a clean abstract blue desktop wallpaper, gaming aesthetic with subtle RGB lighting accents, single product centered, filling ~85% of the frame, pure white seamless studio background (#FFFFFF), soft even diffused studio lighting, subtle soft contact shadow, ultra-sharp focus, high detail, photorealistic 4k commercial product photography, no added text or watermark overlay, no people, no extra props"
portatiles,"lineas-nuevas/portatiles/hp-probook.png","HP","ProBook","PORTÁTIL (regen)","Professional product photography of a HP ProBook laptop opened to about 110 degrees, three-quarter front-left view, slim modern chassis, screen showing a clean abstract blue desktop wallpaper, single product centered, filling ~85% of the frame, pure white seamless studio background (#FFFFFF), soft even diffused studio lighting, subtle soft contact shadow, ultra-sharp focus, high detail, photorealistic 4k commercial product photography, no added text or watermark overlay, no people, no extra props"
portatiles,"lineas-nuevas/portatiles/hp-elitebook.png","HP","EliteBook","PORTÁTIL (regen)","Professional product photography of a HP EliteBook laptop opened to about 110 degrees, three-quarter front-left view, slim modern chassis, screen showing a clean abstract blue desktop wallpaper, single product centered, filling ~85% of the frame, pure white seamless studio background (#FFFFFF), soft even diffused studio lighting, subtle soft contact shadow, ultra-sharp focus, high detail, photorealistic 4k commercial product photography, no added text or watermark overlay, no people, no extra props"
portatiles,"lineas-nuevas/portatiles/acer-aspire.png","Acer","Aspire","PORTÁTIL (regen)","Professional product photography of a Acer Aspire laptop opened to about 110 degrees, three-quarter front-left view, slim modern chassis, screen showing a clean abstract blue desktop wallpaper, single product centered, filling ~85% of the frame, pure white seamless studio background (#FFFFFF), soft even diffused studio lighting, subtle soft contact shadow, ultra-sharp focus, high detail, photorealistic 4k commercial product photography, no added text or watermark overlay, no people, no extra props"
portatiles,"lineas-nuevas/portatiles/acer-nitro.png","Acer","Nitro","PORTÁTIL (regen)","Professional product photography of a Acer Nitro laptop opened to about 110 degrees, three-quarter front-left view, slim modern chassis, screen showing a clean abstract blue desktop wallpaper, gaming aesthetic with subtle RGB lighting accents, single product centered, filling ~85% of the frame, pure white seamless studio background (#FFFFFF), soft even diffused studio lighting, subtle soft contact shadow, ultra-sharp focus, high detail, photorealistic 4k commercial product photography, no added text or watermark overlay, no people, no extra props"
portatiles,"lineas-nuevas/portatiles/acer-predator.png","Acer","Predator","PORTÁTIL (regen)","Professional product photography of a Acer Predator laptop opened to about 110 degrees, three-quarter front-left view, slim modern chassis, screen showing a clean abstract blue desktop wallpaper, gaming aesthetic with subtle RGB lighting accents, single product centered, filling ~85% of the frame, pure white seamless studio background (#FFFFFF), soft even diffused studio lighting, subtle soft contact shadow, ultra-sharp focus, high detail, photorealistic 4k commercial product photography, no added text or watermark overlay, no people, no extra props"
portatiles,"lineas-nuevas/portatiles/acer-swift.png","Acer","Swift","PORTÁTIL (regen)","Professional product photography of a Acer Swift laptop opened to about 110 degrees, three-quarter front-left view, slim modern chassis, screen showing a clean abstract blue desktop wallpaper, single product centered, filling ~85% of the frame, pure white seamless studio background (#FFFFFF), soft even diffused studio lighting, subtle soft contact shadow, ultra-sharp focus, high detail, photorealistic 4k commercial product photography, no added text or watermark overlay, no people, no extra props"
portatiles,"lineas-nuevas/portatiles/acer-travelmate.png","Acer","TravelMate","PORTÁTIL (regen)","Professional product photography of a Acer TravelMate laptop opened to about 110 degrees, three-quarter front-left view, slim modern chassis, screen showing a clean abstract blue desktop wallpaper, single product centered, filling ~85% of the frame, pure white seamless studio background (#FFFFFF), soft even diffused studio lighting, subtle soft contact shadow, ultra-sharp focus, high detail, photorealistic 4k commercial product photography, no added text or watermark overlay, no people, no extra props"
portatiles,"lineas-nuevas/portatiles/msi-modern.png","MSI","Modern","PORTÁTIL (regen)","Professional product photography of a MSI Modern laptop opened to about 110 degrees, three-quarter front-left view, slim modern chassis, screen showing a clean abstract blue desktop wallpaper, single product centered, filling ~85% of the frame, pure white seamless studio background (#FFFFFF), soft even diffused studio lighting, subtle soft contact shadow, ultra-sharp focus, high detail, photorealistic 4k commercial product photography, no added text or watermark overlay, no people, no extra props"
portatiles,"lineas-nuevas/portatiles/msi-katana.png","MSI","Katana","PORTÁTIL (regen)","Professional product photography of a MSI Katana laptop opened to about 110 degrees, three-quarter front-left view, slim modern chassis, screen showing a clean abstract blue desktop wallpaper, gaming aesthetic with subtle RGB lighting accents, single product centered, filling ~85% of the frame, pure white seamless studio background (#FFFFFF), soft even diffused studio lighting, subtle soft contact shadow, ultra-sharp focus, high detail, photorealistic 4k commercial product photography, no added text or watermark overlay, no people, no extra props"
portatiles,"lineas-nuevas/portatiles/msi-cyborg.png","MSI","Cyborg","FALTANTE","Professional product photography of a MSI Cyborg laptop opened to about 110 degrees, three-quarter front-left view, slim modern chassis, screen showing a clean abstract blue desktop wallpaper, gaming aesthetic with subtle RGB lighting accents, single product centered, filling ~85% of the frame, pure white seamless studio background (#FFFFFF), soft even diffused studio lighting, subtle soft contact shadow, ultra-sharp focus, high detail, photorealistic 4k commercial product photography, no added text or watermark overlay, no people, no extra props"
portatiles,"lineas-nuevas/portatiles/msi-stealth.png","MSI","Stealth","FALTANTE","Professional product photography of a MSI Stealth laptop opened to about 110 degrees, three-quarter front-left view, slim modern chassis, screen showing a clean abstract blue desktop wallpaper, gaming aesthetic with subtle RGB lighting accents, single product centered, filling ~85% of the frame, pure white seamless studio background (#FFFFFF), soft even diffused studio lighting, subtle soft contact shadow, ultra-sharp focus, high detail, photorealistic 4k commercial product photography, no added text or watermark overlay, no people, no extra props"
portatiles,"lineas-nuevas/portatiles/msi-raider.png","MSI","Raider","FALTANTE","Professional product photography of a MSI Raider laptop opened to about 110 degrees, three-quarter front-left view, slim modern chassis, screen showing a clean abstract blue desktop wallpaper, gaming aesthetic with subtle RGB lighting accents, single product centered, filling ~85% of the frame, pure white seamless studio background (#FFFFFF), soft even diffused studio lighting, subtle soft contact shadow, ultra-sharp focus, high detail, photorealistic 4k commercial product photography, no added text or watermark overlay, no people, no extra props"
portatiles,"lineas-nuevas/portatiles/dell-inspiron.png","Dell","Inspiron","FALTANTE","Professional product photography of a Dell Inspiron laptop opened to about 110 degrees, three-quarter front-left view, slim modern chassis, screen showing a clean abstract blue desktop wallpaper, single product centered, filling ~85% of the frame, pure white seamless studio background (#FFFFFF), soft even diffused studio lighting, subtle soft contact shadow, ultra-sharp focus, high detail, photorealistic 4k commercial product photography, no added text or watermark overlay, no people, no extra props"
portatiles,"lineas-nuevas/portatiles/dell-latitude.png","Dell","Latitude","FALTANTE","Professional product photography of a Dell Latitude laptop opened to about 110 degrees, three-quarter front-left view, slim modern chassis, screen showing a clean abstract blue desktop wallpaper, single product centered, filling ~85% of the frame, pure white seamless studio background (#FFFFFF), soft even diffused studio lighting, subtle soft contact shadow, ultra-sharp focus, high detail, photorealistic 4k commercial product photography, no added text or watermark overlay, no people, no extra props"
portatiles,"lineas-nuevas/portatiles/dell-vostro.png","Dell","Vostro","FALTANTE","Professional product photography of a Dell Vostro laptop opened to about 110 degrees, three-quarter front-left view, slim modern chassis, screen showing a clean abstract blue desktop wallpaper, single product centered, filling ~85% of the frame, pure white seamless studio background (#FFFFFF), soft even diffused studio lighting, subtle soft contact shadow, ultra-sharp focus, high detail, photorealistic 4k commercial product photography, no added text or watermark overlay, no people, no extra props"
portatiles,"lineas-nuevas/portatiles/dell-xps.png","Dell","XPS","FALTANTE","Professional product photography of a Dell XPS laptop opened to about 110 degrees, three-quarter front-left view, slim modern chassis, screen showing a clean abstract blue desktop wallpaper, single product centered, filling ~85% of the frame, pure white seamless studio background (#FFFFFF), soft even diffused studio lighting, subtle soft contact shadow, ultra-sharp focus, high detail, photorealistic 4k commercial product photography, no added text or watermark overlay, no people, no extra props"
portatiles,"lineas-nuevas/portatiles/dell-alienware.png","Dell","Alienware","FALTANTE","Professional product photography of a Dell Alienware laptop opened to about 110 degrees, three-quarter front-left view, slim modern chassis, screen showing a clean abstract blue desktop wallpaper, gaming aesthetic with subtle RGB lighting accents, single product centered, filling ~85% of the frame, pure white seamless studio background (#FFFFFF), soft even diffused studio lighting, subtle soft contact shadow, ultra-sharp focus, high detail, photorealistic 4k commercial product photography, no added text or watermark overlay, no people, no extra props"
portatiles,"lineas-nuevas/portatiles/dell-precision.png","Dell","Precision","FALTANTE","Professional product photography of a Dell Precision laptop opened to about 110 degrees, three-quarter front-left view, slim modern chassis, screen showing a clean abstract blue desktop wallpaper, single product centered, filling ~85% of the frame, pure white seamless studio background (#FFFFFF), soft even diffused studio lighting, subtle soft contact shadow, ultra-sharp focus, high detail, photorealistic 4k commercial product photography, no added text or watermark overlay, no people, no extra props"
portatiles,"lineas-nuevas/portatiles/surface-laptop.png","Microsoft Surface","Surface Laptop","FALTANTE","Professional product photography of a Microsoft Surface Surface Laptop laptop opened to about 110 degrees, three-quarter front-left view, slim modern chassis, screen showing a clean abstract blue desktop wallpaper, single product centered, filling ~85% of the frame, pure white seamless studio background (#FFFFFF), soft even diffused studio lighting, subtle soft contact shadow, ultra-sharp focus, high detail, photorealistic 4k commercial product photography, no added text or watermark overlay, no people, no extra props"
portatiles,"lineas-nuevas/portatiles/surface-pro.png","Microsoft Surface","Surface Pro","FALTANTE","Professional product photography of a Microsoft Surface Surface Pro laptop opened to about 110 degrees, three-quarter front-left view, slim modern chassis, screen showing a clean abstract blue desktop wallpaper, single product centered, filling ~85% of the frame, pure white seamless studio background (#FFFFFF), soft even diffused studio lighting, subtle soft contact shadow, ultra-sharp focus, high detail, photorealistic 4k commercial product photography, no added text or watermark overlay, no people, no extra props"
portatiles,"lineas-nuevas/portatiles/surface-studio.png","Microsoft Surface","Surface Studio","FALTANTE","Professional product photography of a Microsoft Surface Surface Studio laptop opened to about 110 degrees, three-quarter front-left view, slim modern chassis, screen showing a clean abstract blue desktop wallpaper, single product centered, filling ~85% of the frame, pure white seamless studio background (#FFFFFF), soft even diffused studio lighting, subtle soft contact shadow, ultra-sharp focus, high detail, photorealistic 4k commercial product photography, no added text or watermark overlay, no people, no extra props"
motherboards,"lineas-nuevas/motherboards/asus-prime.png","ASUS","Prime","FALTANTE","Professional product photography of a ASUS Prime ATX motherboard, three-quarter top-down view showing VRM heatsinks, PCIe slots, DDR RAM slots, M.2 heatsink covers and the rear I/O panel, intricate detail, single product centered, filling ~85% of the frame, pure white seamless studio background (#FFFFFF), soft even diffused studio lighting, subtle soft contact shadow, ultra-sharp focus, high detail, photorealistic 4k commercial product photography, no added text or watermark overlay, no people, no extra props"
motherboards,"lineas-nuevas/motherboards/asus-tuf-gaming-board.png","ASUS","TUF Gaming","FALTANTE","Professional product photography of a ASUS TUF Gaming ATX motherboard, three-quarter top-down view showing VRM heatsinks, PCIe slots, DDR RAM slots, M.2 heatsink covers and the rear I/O panel, intricate detail, gaming aesthetic with subtle RGB lighting accents, single product centered, filling ~85% of the frame, pure white seamless studio background (#FFFFFF), soft even diffused studio lighting, subtle soft contact shadow, ultra-sharp focus, high detail, photorealistic 4k commercial product photography, no added text or watermark overlay, no people, no extra props"
motherboards,"lineas-nuevas/motherboards/asus-proart.png","ASUS","ProArt","FALTANTE","Professional product photography of a ASUS ProArt ATX motherboard, three-quarter top-down view showing VRM heatsinks, PCIe slots, DDR RAM slots, M.2 heatsink covers and the rear I/O panel, intricate detail, single product centered, filling ~85% of the frame, pure white seamless studio background (#FFFFFF), soft even diffused studio lighting, subtle soft contact shadow, ultra-sharp focus, high detail, photorealistic 4k commercial product photography, no added text or watermark overlay, no people, no extra props"
motherboards,"lineas-nuevas/motherboards/msi-pro-series.png","MSI","PRO Series","FALTANTE","Professional product photography of a MSI PRO Series ATX motherboard, three-quarter top-down view showing VRM heatsinks, PCIe slots, DDR RAM slots, M.2 heatsink covers and the rear I/O panel, intricate detail, single product centered, filling ~85% of the frame, pure white seamless studio background (#FFFFFF), soft even diffused studio lighting, subtle soft contact shadow, ultra-sharp focus, high detail, photorealistic 4k commercial product photography, no added text or watermark overlay, no people, no extra props"
motherboards,"lineas-nuevas/motherboards/msi-mpg.png","MSI","MPG","FALTANTE","Professional product photography of a MSI MPG ATX motherboard, three-quarter top-down view showing VRM heatsinks, PCIe slots, DDR RAM slots, M.2 heatsink covers and the rear I/O panel, intricate detail, gaming aesthetic with subtle RGB lighting accents, single product centered, filling ~85% of the frame, pure white seamless studio background (#FFFFFF), soft even diffused studio lighting, subtle soft contact shadow, ultra-sharp focus, high detail, photorealistic 4k commercial product photography, no added text or watermark overlay, no people, no extra props"
motherboards,"lineas-nuevas/motherboards/msi-meg.png","MSI","MEG","FALTANTE","Professional product photography of a MSI MEG ATX motherboard, three-quarter top-down view showing VRM heatsinks, PCIe slots, DDR RAM slots, M.2 heatsink covers and the rear I/O panel, intricate detail, gaming aesthetic with subtle RGB lighting accents, single product centered, filling ~85% of the frame, pure white seamless studio background (#FFFFFF), soft even diffused studio lighting, subtle soft contact shadow, ultra-sharp focus, high detail, photorealistic 4k commercial product photography, no added text or watermark overlay, no people, no extra props"
motherboards,"lineas-nuevas/motherboards/gigabyte-ultra-durable.png","GIGABYTE","Ultra Durable","FALTANTE","Professional product photography of a GIGABYTE Ultra Durable ATX motherboard, three-quarter top-down view showing VRM heatsinks, PCIe slots, DDR RAM slots, M.2 heatsink covers and the rear I/O panel, intricate detail, single product centered, filling ~85% of the frame, pure white seamless studio background (#FFFFFF), soft even diffused studio lighting, subtle soft contact shadow, ultra-sharp focus, high detail, photorealistic 4k commercial product photography, no added text or watermark overlay, no people, no extra props"
motherboards,"lineas-nuevas/motherboards/gigabyte-gaming-x.png","GIGABYTE","Gaming X","FALTANTE","Professional product photography of a GIGABYTE Gaming X ATX motherboard, three-quarter top-down view showing VRM heatsinks, PCIe slots, DDR RAM slots, M.2 heatsink covers and the rear I/O panel, intricate detail, gaming aesthetic with subtle RGB lighting accents, single product centered, filling ~85% of the frame, pure white seamless studio background (#FFFFFF), soft even diffused studio lighting, subtle soft contact shadow, ultra-sharp focus, high detail, photorealistic 4k commercial product photography, no added text or watermark overlay, no people, no extra props"
motherboards,"lineas-nuevas/motherboards/asrock-steel-legend.png","ASRock","Steel Legend","FALTANTE","Professional product photography of a ASRock Steel Legend ATX motherboard, three-quarter top-down view showing VRM heatsinks, PCIe slots, DDR RAM slots, M.2 heatsink covers and the rear I/O panel, intricate detail, single product centered, filling ~85% of the frame, pure white seamless studio background (#FFFFFF), soft even diffused studio lighting, subtle soft contact shadow, ultra-sharp focus, high detail, photorealistic 4k commercial product photography, no added text or watermark overlay, no people, no extra props"
motherboards,"lineas-nuevas/motherboards/asrock-taichi.png","ASRock","Taichi","FALTANTE","Professional product photography of a ASRock Taichi ATX motherboard, three-quarter top-down view showing VRM heatsinks, PCIe slots, DDR RAM slots, M.2 heatsink covers and the rear I/O panel, intricate detail, single product centered, filling ~85% of the frame, pure white seamless studio background (#FFFFFF), soft even diffused studio lighting, subtle soft contact shadow, ultra-sharp focus, high detail, photorealistic 4k commercial product photography, no added text or watermark overlay, no people, no extra props"
memoria-ram,"lineas-nuevas/memoria-ram/kingston-valueram.png","Kingston","ValueRAM","FALTANTE","Professional product photography of two Kingston ValueRAM DDR desktop RAM memory modules with an aluminum heat spreader, standing upright at a slight three-quarter angle, single product centered, filling ~85% of the frame, pure white seamless studio background (#FFFFFF), soft even diffused studio lighting, subtle soft contact shadow, ultra-sharp focus, high detail, photorealistic 4k commercial product photography, no added text or watermark overlay, no people, no extra props"
memoria-ram,"lineas-nuevas/memoria-ram/corsair-vengeance-ddr4.png","Corsair","Vengeance DDR4","REPETIDA (3 refs)","Professional product photography of two Corsair Vengeance DDR4 DDR desktop RAM memory modules with an aluminum heat spreader, standing upright at a slight three-quarter angle, gaming aesthetic with subtle RGB lighting accents, single product centered, filling ~85% of the frame, pure white seamless studio background (#FFFFFF), soft even diffused studio lighting, subtle soft contact shadow, ultra-sharp focus, high detail, photorealistic 4k commercial product photography, no added text or watermark overlay, no people, no extra props"
memoria-ram,"lineas-nuevas/memoria-ram/corsair-vengeance-ddr5.png","Corsair","Vengeance DDR5","REPETIDA (3 refs)","Professional product photography of two Corsair Vengeance DDR5 DDR desktop RAM memory modules with an aluminum heat spreader, standing upright at a slight three-quarter angle, gaming aesthetic with subtle RGB lighting accents, single product centered, filling ~85% of the frame, pure white seamless studio background (#FFFFFF), soft even diffused studio lighting, subtle soft contact shadow, ultra-sharp focus, high detail, photorealistic 4k commercial product photography, no added text or watermark overlay, no people, no extra props"
memoria-ram,"lineas-nuevas/memoria-ram/corsair-dominator.png","Corsair","Dominator Platinum","REPETIDA (3 refs)","Professional product photography of two Corsair Dominator Platinum DDR desktop RAM memory modules with an aluminum heat spreader, standing upright at a slight three-quarter angle, gaming aesthetic with subtle RGB lighting accents, single product centered, filling ~85% of the frame, pure white seamless studio background (#FFFFFF), soft even diffused studio lighting, subtle soft contact shadow, ultra-sharp focus, high detail, photorealistic 4k commercial product photography, no added text or watermark overlay, no people, no extra props"
tarjetas-graficas,"lineas-nuevas/tarjetas-graficas/nvidia-rtx-4070.png","NVIDIA","GeForce RTX 4070","REPETIDA (3 refs)","Professional product photography of a NVIDIA GeForce RTX 4070 graphics card (GPU) with a triple-fan cooler and metal backplate, three-quarter angle, premium build, single product centered, filling ~85% of the frame, pure white seamless studio background (#FFFFFF), soft even diffused studio lighting, subtle soft contact shadow, ultra-sharp focus, high detail, photorealistic 4k commercial product photography, no added text or watermark overlay, no people, no extra props"
tarjetas-graficas,"lineas-nuevas/tarjetas-graficas/nvidia-rtx-4080.png","NVIDIA","GeForce RTX 4080","REPETIDA (3 refs)","Professional product photography of a NVIDIA GeForce RTX 4080 graphics card (GPU) with a triple-fan cooler and metal backplate, three-quarter angle, premium build, single product centered, filling ~85% of the frame, pure white seamless studio background (#FFFFFF), soft even diffused studio lighting, subtle soft contact shadow, ultra-sharp focus, high detail, photorealistic 4k commercial product photography, no added text or watermark overlay, no people, no extra props"
tarjetas-graficas,"lineas-nuevas/tarjetas-graficas/nvidia-rtx-4090.png","NVIDIA","GeForce RTX 4090","REPETIDA (3 refs)","Professional product photography of a NVIDIA GeForce RTX 4090 graphics card (GPU) with a triple-fan cooler and metal backplate, three-quarter angle, premium build, single product centered, filling ~85% of the frame, pure white seamless studio background (#FFFFFF), soft even diffused studio lighting, subtle soft contact shadow, ultra-sharp focus, high detail, photorealistic 4k commercial product photography, no added text or watermark overlay, no people, no extra props"
tarjetas-graficas,"lineas-nuevas/tarjetas-graficas/amd-rx-7700-xt.png","AMD","Radeon RX 7700 XT","REPETIDA (3 refs)","Professional product photography of a AMD Radeon RX 7700 XT graphics card (GPU) with a triple-fan cooler and metal backplate, three-quarter angle, premium build, single product centered, filling ~85% of the frame, pure white seamless studio background (#FFFFFF), soft even diffused studio lighting, subtle soft contact shadow, ultra-sharp focus, high detail, photorealistic 4k commercial product photography, no added text or watermark overlay, no people, no extra props"
tarjetas-graficas,"lineas-nuevas/tarjetas-graficas/amd-rx-7800-xt.png","AMD","Radeon RX 7800 XT","REPETIDA (3 refs)","Professional product photography of a AMD Radeon RX 7800 XT graphics card (GPU) with a triple-fan cooler and metal backplate, three-quarter angle, premium build, single product centered, filling ~85% of the frame, pure white seamless studio background (#FFFFFF), soft even diffused studio lighting, subtle soft contact shadow, ultra-sharp focus, high detail, photorealistic 4k commercial product photography, no added text or watermark overlay, no people, no extra props"
tarjetas-graficas,"lineas-nuevas/tarjetas-graficas/amd-rx-7900-xt.png","AMD","Radeon RX 7900 XT","REPETIDA (3 refs)","Professional product photography of a AMD Radeon RX 7900 XT graphics card (GPU) with a triple-fan cooler and metal backplate, three-quarter angle, premium build, single product centered, filling ~85% of the frame, pure white seamless studio background (#FFFFFF), soft even diffused studio lighting, subtle soft contact shadow, ultra-sharp focus, high detail, photorealistic 4k commercial product photography, no added text or watermark overlay, no people, no extra props"
fuentes-de-poder,"lineas-nuevas/fuentes-de-poder/cm-mwe-bronze.png","Cooler Master","MWE Bronze","REPETIDA (3 refs)","Professional product photography of a Cooler Master MWE Bronze ATX modular power supply unit (PSU), three-quarter angle showing the top fan grille and the front modular cable connector sockets, single product centered, filling ~85% of the frame, pure white seamless studio background (#FFFFFF), soft even diffused studio lighting, subtle soft contact shadow, ultra-sharp focus, high detail, photorealistic 4k commercial product photography, no added text or watermark overlay, no people, no extra props"
fuentes-de-poder,"lineas-nuevas/fuentes-de-poder/cm-mwe-gold.png","Cooler Master","MWE Gold","REPETIDA (3 refs)","Professional product photography of a Cooler Master MWE Gold ATX modular power supply unit (PSU), three-quarter angle showing the top fan grille and the front modular cable connector sockets, single product centered, filling ~85% of the frame, pure white seamless studio background (#FFFFFF), soft even diffused studio lighting, subtle soft contact shadow, ultra-sharp focus, high detail, photorealistic 4k commercial product photography, no added text or watermark overlay, no people, no extra props"
fuentes-de-poder,"lineas-nuevas/fuentes-de-poder/cm-gx-series.png","Cooler Master","GX Series","REPETIDA (3 refs)","Professional product photography of a Cooler Master GX Series ATX modular power supply unit (PSU), three-quarter angle showing the top fan grille and the front modular cable connector sockets, single product centered, filling ~85% of the frame, pure white seamless studio background (#FFFFFF), soft even diffused studio lighting, subtle soft contact shadow, ultra-sharp focus, high detail, photorealistic 4k commercial product photography, no added text or watermark overlay, no people, no extra props"
fuentes-de-poder,"lineas-nuevas/fuentes-de-poder/seasonic-core-gx.png","Seasonic","Core GX","REPETIDA (3 refs)","Professional product photography of a Seasonic Core GX ATX modular power supply unit (PSU), three-quarter angle showing the top fan grille and the front modular cable connector sockets, single product centered, filling ~85% of the frame, pure white seamless studio background (#FFFFFF), soft even diffused studio lighting, subtle soft contact shadow, ultra-sharp focus, high detail, photorealistic 4k commercial product photography, no added text or watermark overlay, no people, no extra props"
fuentes-de-poder,"lineas-nuevas/fuentes-de-poder/seasonic-focus-gx.png","Seasonic","Focus GX","REPETIDA (3 refs)","Professional product photography of a Seasonic Focus GX ATX modular power supply unit (PSU), three-quarter angle showing the top fan grille and the front modular cable connector sockets, single product centered, filling ~85% of the frame, pure white seamless studio background (#FFFFFF), soft even diffused studio lighting, subtle soft contact shadow, ultra-sharp focus, high detail, photorealistic 4k commercial product photography, no added text or watermark overlay, no people, no extra props"
fuentes-de-poder,"lineas-nuevas/fuentes-de-poder/seasonic-prime.png","Seasonic","Prime Series","REPETIDA (3 refs)","Professional product photography of a Seasonic Prime Series ATX modular power supply unit (PSU), three-quarter angle showing the top fan grille and the front modular cable connector sockets, single product centered, filling ~85% of the frame, pure white seamless studio background (#FFFFFF), soft even diffused studio lighting, subtle soft contact shadow, ultra-sharp focus, high detail, photorealistic 4k commercial product photography, no added text or watermark overlay, no people, no extra props"
fuentes-de-poder,"lineas-nuevas/fuentes-de-poder/corsair-cv.png","Corsair","CV Series","REPETIDA (4 refs)","Professional product photography of a Corsair CV Series ATX modular power supply unit (PSU), three-quarter angle showing the top fan grille and the front modular cable connector sockets, single product centered, filling ~85% of the frame, pure white seamless studio background (#FFFFFF), soft even diffused studio lighting, subtle soft contact shadow, ultra-sharp focus, high detail, photorealistic 4k commercial product photography, no added text or watermark overlay, no people, no extra props"
fuentes-de-poder,"lineas-nuevas/fuentes-de-poder/corsair-cx.png","Corsair","CX Series","REPETIDA (4 refs)","Professional product photography of a Corsair CX Series ATX modular power supply unit (PSU), three-quarter angle showing the top fan grille and the front modular cable connector sockets, single product centered, filling ~85% of the frame, pure white seamless studio background (#FFFFFF), soft even diffused studio lighting, subtle soft contact shadow, ultra-sharp focus, high detail, photorealistic 4k commercial product photography, no added text or watermark overlay, no people, no extra props"
fuentes-de-poder,"lineas-nuevas/fuentes-de-poder/corsair-rm.png","Corsair","RM Series","REPETIDA (4 refs)","Professional product photography of a Corsair RM Series ATX modular power supply unit (PSU), three-quarter angle showing the top fan grille and the front modular cable connector sockets, single product centered, filling ~85% of the frame, pure white seamless studio background (#FFFFFF), soft even diffused studio lighting, subtle soft contact shadow, ultra-sharp focus, high detail, photorealistic 4k commercial product photography, no added text or watermark overlay, no people, no extra props"
fuentes-de-poder,"lineas-nuevas/fuentes-de-poder/corsair-hx.png","Corsair","HX Series","REPETIDA (4 refs)","Professional product photography of a Corsair HX Series ATX modular power supply unit (PSU), three-quarter angle showing the top fan grille and the front modular cable connector sockets, single product centered, filling ~85% of the frame, pure white seamless studio background (#FFFFFF), soft even diffused studio lighting, subtle soft contact shadow, ultra-sharp focus, high detail, photorealistic 4k commercial product photography, no added text or watermark overlay, no people, no extra props"
monitores,"lineas-nuevas/monitores/lg-ultragear.png","LG","UltraGear","REPETIDA (3 refs)","Professional product photography of a LG UltraGear computer monitor on its stand, three-quarter front view, thin bezels, screen displaying a vivid colorful abstract wallpaper, gaming aesthetic with subtle RGB lighting accents, single product centered, filling ~85% of the frame, pure white seamless studio background (#FFFFFF), soft even diffused studio lighting, subtle soft contact shadow, ultra-sharp focus, high detail, photorealistic 4k commercial product photography, no added text or watermark overlay, no people, no extra props"
monitores,"lineas-nuevas/monitores/lg-ultrawide.png","LG","UltraWide","REPETIDA (3 refs)","Professional product photography of a LG UltraWide computer monitor on its stand, three-quarter front view, thin bezels, screen displaying a vivid colorful abstract wallpaper, single product centered, filling ~85% of the frame, pure white seamless studio background (#FFFFFF), soft even diffused studio lighting, subtle soft contact shadow, ultra-sharp focus, high detail, photorealistic 4k commercial product photography, no added text or watermark overlay, no people, no extra props"
monitores,"lineas-nuevas/monitores/lg-smart-monitor.png","LG","Smart Monitor","REPETIDA (3 refs)","Professional product photography of a LG Smart Monitor computer monitor on its stand, three-quarter front view, thin bezels, screen displaying a vivid colorful abstract wallpaper, single product centered, filling ~85% of the frame, pure white seamless studio background (#FFFFFF), soft even diffused studio lighting, subtle soft contact shadow, ultra-sharp focus, high detail, photorealistic 4k commercial product photography, no added text or watermark overlay, no people, no extra props"
monitores,"lineas-nuevas/monitores/samsung-odyssey.png","Samsung","Odyssey","REPETIDA (3 refs)","Professional product photography of a Samsung Odyssey computer monitor on its stand, three-quarter front view, thin bezels, screen displaying a vivid colorful abstract wallpaper, gaming aesthetic with subtle RGB lighting accents, single product centered, filling ~85% of the frame, pure white seamless studio background (#FFFFFF), soft even diffused studio lighting, subtle soft contact shadow, ultra-sharp focus, high detail, photorealistic 4k commercial product photography, no added text or watermark overlay, no people, no extra props"
monitores,"lineas-nuevas/monitores/samsung-smart-monitor.png","Samsung","Smart Monitor","REPETIDA (3 refs)","Professional product photography of a Samsung Smart Monitor computer monitor on its stand, three-quarter front view, thin bezels, screen displaying a vivid colorful abstract wallpaper, single product centered, filling ~85% of the frame, pure white seamless studio background (#FFFFFF), soft even diffused studio lighting, subtle soft contact shadow, ultra-sharp focus, high detail, photorealistic 4k commercial product photography, no added text or watermark overlay, no people, no extra props"
monitores,"lineas-nuevas/monitores/samsung-viewfinity.png","Samsung","ViewFinity","REPETIDA (3 refs)","Professional product photography of a Samsung ViewFinity computer monitor on its stand, three-quarter front view, thin bezels, screen displaying a vivid colorful abstract wallpaper, single product centered, filling ~85% of the frame, pure white seamless studio background (#FFFFFF), soft even diffused studio lighting, subtle soft contact shadow, ultra-sharp focus, high detail, photorealistic 4k commercial product photography, no added text or watermark overlay, no people, no extra props"
equipos-escritorio,"lineas-nuevas/equipos-escritorio/lenovo-thinkcentre.png","Lenovo","ThinkCentre","REPETIDA (3 refs)","Professional product photography of a Lenovo ThinkCentre desktop computer tower, three-quarter front angle, modern design, single product centered, filling ~85% of the frame, pure white seamless studio background (#FFFFFF), soft even diffused studio lighting, subtle soft contact shadow, ultra-sharp focus, high detail, photorealistic 4k commercial product photography, no added text or watermark overlay, no people, no extra props"
equipos-escritorio,"lineas-nuevas/equipos-escritorio/lenovo-ideacentre.png","Lenovo","IdeaCentre","REPETIDA (3 refs)","Professional product photography of a Lenovo IdeaCentre desktop computer tower, three-quarter front angle, modern design, single product centered, filling ~85% of the frame, pure white seamless studio background (#FFFFFF), soft even diffused studio lighting, subtle soft contact shadow, ultra-sharp focus, high detail, photorealistic 4k commercial product photography, no added text or watermark overlay, no people, no extra props"
equipos-escritorio,"lineas-nuevas/equipos-escritorio/lenovo-legion-desktop.png","Lenovo","Legion","REPETIDA (3 refs)","Professional product photography of a Lenovo Legion desktop computer tower, three-quarter front angle, modern design, gaming aesthetic with subtle RGB lighting accents, single product centered, filling ~85% of the frame, pure white seamless studio background (#FFFFFF), soft even diffused studio lighting, subtle soft contact shadow, ultra-sharp focus, high detail, photorealistic 4k commercial product photography, no added text or watermark overlay, no people, no extra props"
equipos-escritorio,"lineas-nuevas/equipos-escritorio/hp-prodesk.png","HP","ProDesk","REPETIDA (3 refs)","Professional product photography of a HP ProDesk desktop computer tower, three-quarter front angle, modern design, single product centered, filling ~85% of the frame, pure white seamless studio background (#FFFFFF), soft even diffused studio lighting, subtle soft contact shadow, ultra-sharp focus, high detail, photorealistic 4k commercial product photography, no added text or watermark overlay, no people, no extra props"
equipos-escritorio,"lineas-nuevas/equipos-escritorio/hp-elitedesk.png","HP","EliteDesk","REPETIDA (3 refs)","Professional product photography of a HP EliteDesk desktop computer tower, three-quarter front angle, modern design, single product centered, filling ~85% of the frame, pure white seamless studio background (#FFFFFF), soft even diffused studio lighting, subtle soft contact shadow, ultra-sharp focus, high detail, photorealistic 4k commercial product photography, no added text or watermark overlay, no people, no extra props"
equipos-escritorio,"lineas-nuevas/equipos-escritorio/hp-omen-desktop.png","HP","OMEN","REPETIDA (3 refs)","Professional product photography of a HP OMEN desktop computer tower, three-quarter front angle, modern design, gaming aesthetic with subtle RGB lighting accents, single product centered, filling ~85% of the frame, pure white seamless studio background (#FFFFFF), soft even diffused studio lighting, subtle soft contact shadow, ultra-sharp focus, high detail, photorealistic 4k commercial product photography, no added text or watermark overlay, no people, no extra props"
equipos-escritorio,"lineas-nuevas/equipos-escritorio/dell-optiplex.png","Dell","OptiPlex","REPETIDA (4 refs)","Professional product photography of a Dell OptiPlex desktop computer tower, three-quarter front angle, modern design, single product centered, filling ~85% of the frame, pure white seamless studio background (#FFFFFF), soft even diffused studio lighting, subtle soft contact shadow, ultra-sharp focus, high detail, photorealistic 4k commercial product photography, no added text or watermark overlay, no people, no extra props"
equipos-escritorio,"lineas-nuevas/equipos-escritorio/dell-vostro-desktop.png","Dell","Vostro","REPETIDA (4 refs)","Professional product photography of a Dell Vostro desktop computer tower, three-quarter front angle, modern design, single product centered, filling ~85% of the frame, pure white seamless studio background (#FFFFFF), soft even diffused studio lighting, subtle soft contact shadow, ultra-sharp focus, high detail, photorealistic 4k commercial product photography, no added text or watermark overlay, no people, no extra props"
equipos-escritorio,"lineas-nuevas/equipos-escritorio/dell-precision-desktop.png","Dell","Precision","REPETIDA (4 refs)","Professional product photography of a Dell Precision desktop computer tower, three-quarter front angle, modern design, single product centered, filling ~85% of the frame, pure white seamless studio background (#FFFFFF), soft even diffused studio lighting, subtle soft contact shadow, ultra-sharp focus, high detail, photorealistic 4k commercial product photography, no added text or watermark overlay, no people, no extra props"
equipos-escritorio,"lineas-nuevas/equipos-escritorio/dell-alienware-desktop.png","Dell","Alienware","REPETIDA (4 refs)","Professional product photography of a Dell Alienware desktop computer tower, three-quarter front angle, modern design, gaming aesthetic with subtle RGB lighting accents, single product centered, filling ~85% of the frame, pure white seamless studio background (#FFFFFF), soft even diffused studio lighting, subtle soft contact shadow, ultra-sharp focus, high detail, photorealistic 4k commercial product photography, no added text or watermark overlay, no people, no extra props"
redes,"lineas-nuevas/redes/tplink-archer.png","TP-Link","Archer","REPETIDA (3 refs)","Professional product photography of a TP-Link Archer wifi router with external antennas and status LEDs, three-quarter angle, single product centered, filling ~85% of the frame, pure white seamless studio background (#FFFFFF), soft even diffused studio lighting, subtle soft contact shadow, ultra-sharp focus, high detail, photorealistic 4k commercial product photography, no added text or watermark overlay, no people, no extra props"
redes,"lineas-nuevas/redes/tplink-deco.png","TP-Link","Deco","REPETIDA (3 refs)","Professional product photography of a TP-Link Deco wifi router with external antennas and status LEDs, three-quarter angle, single product centered, filling ~85% of the frame, pure white seamless studio background (#FFFFFF), soft even diffused studio lighting, subtle soft contact shadow, ultra-sharp focus, high detail, photorealistic 4k commercial product photography, no added text or watermark overlay, no people, no extra props"
redes,"lineas-nuevas/redes/tplink-omada.png","TP-Link","Omada","REPETIDA (3 refs)","Professional product photography of a TP-Link Omada wifi router with external antennas and status LEDs, three-quarter angle, single product centered, filling ~85% of the frame, pure white seamless studio background (#FFFFFF), soft even diffused studio lighting, subtle soft contact shadow, ultra-sharp focus, high detail, photorealistic 4k commercial product photography, no added text or watermark overlay, no people, no extra props"
mouse-pad,"lineas-nuevas/mouse-pad/logitech-g203.png","Logitech","G203","REPETIDA (3 refs)","Professional product photography of a Logitech G203 gaming mouse, three-quarter top view, single product centered, filling ~85% of the frame, pure white seamless studio background (#FFFFFF), soft even diffused studio lighting, subtle soft contact shadow, ultra-sharp focus, high detail, photorealistic 4k commercial product photography, no added text or watermark overlay, no people, no extra props"
mouse-pad,"lineas-nuevas/mouse-pad/logitech-g305.png","Logitech","G305","REPETIDA (3 refs)","Professional product photography of a Logitech G305 gaming mouse, three-quarter top view, single product centered, filling ~85% of the frame, pure white seamless studio background (#FFFFFF), soft even diffused studio lighting, subtle soft contact shadow, ultra-sharp focus, high detail, photorealistic 4k commercial product photography, no added text or watermark overlay, no people, no extra props"
mouse-pad,"lineas-nuevas/mouse-pad/logitech-pro.png","Logitech","PRO Series","REPETIDA (3 refs)","Professional product photography of a Logitech PRO Series gaming mouse, three-quarter top view, single product centered, filling ~85% of the frame, pure white seamless studio background (#FFFFFF), soft even diffused studio lighting, subtle soft contact shadow, ultra-sharp focus, high detail, photorealistic 4k commercial product photography, no added text or watermark overlay, no people, no extra props"
kits-streaming,"lineas-nuevas/kits-streaming/elgato-stream-deck.png","Elgato","Stream Deck","REPETIDA (3 refs)","Professional product photography of an Elgato Stream Deck, a compact desktop control pad with 15 customizable LCD keys, on a small stand, three-quarter angle, single product centered, filling ~85% of the frame, pure white seamless studio background (#FFFFFF), soft even diffused studio lighting, subtle soft contact shadow, ultra-sharp focus, high detail, photorealistic 4k commercial product photography, no added text or watermark overlay, no people, no extra props"
kits-streaming,"lineas-nuevas/kits-streaming/elgato-wave.png","Elgato","Wave Mic","REPETIDA (3 refs)","Professional product photography of an Elgato Wave broadcast condenser USB microphone on a desktop stand, three-quarter angle, single product centered, filling ~85% of the frame, pure white seamless studio background (#FFFFFF), soft even diffused studio lighting, subtle soft contact shadow, ultra-sharp focus, high detail, photorealistic 4k commercial product photography, no added text or watermark overlay, no people, no extra props"
kits-streaming,"lineas-nuevas/kits-streaming/elgato-cam-link.png","Elgato","Cam Link","REPETIDA (3 refs)","Professional product photography of an Elgato Cam Link 4K HDMI capture USB dongle, three-quarter angle, single product centered, filling ~85% of the frame, pure white seamless studio background (#FFFFFF), soft even diffused studio lighting, subtle soft contact shadow, ultra-sharp focus, high detail, photorealistic 4k commercial product photography, no added text or watermark overlay, no people, no extra props"
